TitleField1,TitleField2,TitleField3,TitleField4,TitleField5,SrAlias,ClientName,QNo,Site,PartDesc,Part,Field2,Field3,Field4,Field5,SerialNo,QuarantinedQty,PartLocation,NGLStockId,InboundDate,QuarantinedBy_Date,QuarantinedReason,CategoryName,QuarantinedOn1,QuarantineSource,CarrierName,TrackingNo,ASNRef,SubTotal,Total
MODEL NUMBER,EXPIRATION DATE,LOT/BATCH NUMBER,,,SERIAL #,AUTOMATION INVENTORY PROFILE,8178,AUTOMATION RV, Part 1, MN01, 04/01/2032, LB01, , , A1B,1,  DEFAULTBIN, 33159227, 04/13/2022,automation         04/15/2022,,,WOI - 1685244, Cycle Count,,,,,137
MODEL NUMBER,EXPIRATION DATE,LOT/BATCH NUMBER,,,SERIAL #,AUTOMATION INVENTORY PROFILE,8179,AUTOMATION RV, Part 1, MN01, 04/01/2032, LB01, , , MNS01,1,  DEFAULTBIN, 33159171, 04/13/2022,automation         04/15/2022,,,WOI - 1685244, Cycle Count,,,,,137
MODEL NUMBER,EXPIRATION DATE,LOT/BATCH NUMBER,,,SERIAL #,AUTOMATION INVENTORY PROFILE,8180,AUTOMATION RV, Part 1, MN01, 04/01/2032, LB01, , , MNS02,1,  DEFAULTBIN, 33159172, 04/13/2022,automation         04/15/2022,,,WOI - 1685244, Cycle Count,,,,,137
MODEL NUMBER,EXPIRATION DATE,LOT/BATCH NUMBER,,,SERIAL #,AUTOMATION INVENTORY PROFILE,8181,AUTOMATION RV, Part 1, MN01, 04/01/2032, LB01, , , MNS03,1,  DEFAULTBIN, 33159173, 04/13/2022,automation         04/15/2022,,,WOI - 1685244, Cycle Count,,,,,137
MODEL NUMBER,EXPIRATION DATE,LOT/BATCH NUMBER,,,SERIAL #,AUTOMATION INVENTORY PROFILE,8182,AUTOMATION RV, Part 1, MN01, 04/01/2032, LB01, , , MNS04,1,  DEFAULTBIN, 33159174, 04/13/2022,automation         04/15/2022,,,WOI - 1685244, Cycle Count,,,,,137
MODEL NUMBER,EXPIRATION DATE,LOT/BATCH NUMBER,,,SERIAL #,AUTOMATION INVENTORY PROFILE,8183,AUTOMATION RV, Part 1, MN01, 04/01/2032, LB01, , , MNS05,1,  DEFAULTBIN, 33159175, 04/13/2022,automation         04/15/2022,,,WOI - 1685244, Cycle Count,,,,,137
MODEL NUMBER,EXPIRATION DATE,LOT/BATCH NUMBER,,,SERIAL #,AUTOMATION INVENTORY PROFILE,8184,AUTOMATION RV, Part 1, MN01, 04/01/2032, LB01, , , MNS06,1,  DEFAULTBIN, 33159176, 04/13/2022,automation         04/15/2022,,,WOI - 1685244, Cycle Count,,,,,137
MODEL NUMBER,EXPIRATION DATE,LOT/BATCH NUMBER,,,SERIAL #,AUTOMATION INVENTORY PROFILE,8185,AUTOMATION RV, Part 1, MN01, 04/01/2032, LB01, , , MNS07,1,  DEFAULTBIN, 33159177, 04/13/2022,automation         04/15/2022,,,WOI - 1685244, Cycle Count,,,,,137
MODEL NUMBER,EXPIRATION DATE,LOT/BATCH NUMBER,,,SERIAL #,AUTOMATION INVENTORY PROFILE,8186,AUTOMATION RV, Part 1, MN01, 04/01/2032, LB01, , , MNS08,1,  DEFAULTBIN, 33159178, 04/13/2022,automation         04/15/2022,,,WOI - 1685244, Cycle Count,,,,,137
MODEL NUMBER,EXPIRATION DATE,LOT/BATCH NUMBER,,,SERIAL #,AUTOMATION INVENTORY PROFILE,8187,AUTOMATION RV, Part 1, MN01, 04/01/2032, LB01, , , MNS09,1,  DEFAULTBIN, 33159179, 04/13/2022,automation         04/15/2022,,,WOI - 1685244, Cycle Count,,,,,137
MODEL NUMBER,EXPIRATION DATE,LOT/BATCH NUMBER,,,SERIAL #,AUTOMATION INVENTORY PROFILE,8188,AUTOMATION RV, Part 1, MN01, 04/01/2032, LB01, , , MNS10,1,  DEFAULTBIN, 33159180, 04/13/2022,automation         04/15/2022,,,WOI - 1685244, Cycle Count,,,,,137
MODEL NUMBER,EXPIRATION DATE,LOT/BATCH NUMBER,,,SERIAL #,AUTOMATION INVENTORY PROFILE,8189,AUTOMATION RV, Part 1, MN01, 04/01/2032, LB01, , , MNS11,1,  DEFAULTBIN, 33159181, 04/13/2022,automation         04/15/2022,,,WOI - 1685244, Cycle Count,,,,,137
MODEL NUMBER,EXPIRATION DATE,LOT/BATCH NUMBER,,,SERIAL #,AUTOMATION INVENTORY PROFILE,8190,AUTOMATION RV, Part 1, MN01, 04/01/2032, LB01, , , MNS12,1,  DEFAULTBIN, 33159182, 04/13/2022,automation         04/15/2022,,,WOI - 1685244, Cycle Count,,,,,137
MODEL NUMBER,EXPIRATION DATE,LOT/BATCH NUMBER,,,SERIAL #,AUTOMATION INVENTORY PROFILE,8191,AUTOMATION RV, Part 1, MN01, 04/01/2032, LB01, , , MNS13,1,  DEFAULTBIN, 33159183, 04/13/2022,automation         04/15/2022,,,WOI - 1685244, Cycle Count,,,,,137
MODEL NUMBER,EXPIRATION DATE,LOT/BATCH NUMBER,,,SERIAL #,AUTOMATION INVENTORY PROFILE,8192,AUTOMATION RV, Part 1, MN01, 04/01/2032, LB01, , , MNS14,1,  DEFAULTBIN, 33159184, 04/13/2022,automation         04/15/2022,,,WOI - 1685244, Cycle Count,,,,,137
MODEL NUMBER,EXPIRATION DATE,LOT/BATCH NUMBER,,,SERIAL #,AUTOMATION INVENTORY PROFILE,8193,AUTOMATION RV, Part 1, MN01, 04/01/2032, LB01, , , MNS15,1,  DEFAULTBIN, 33159185, 04/13/2022,automation         04/15/2022,,,WOI - 1685244, Cycle Count,,,,,137
MODEL NUMBER,EXPIRATION DATE,LOT/BATCH NUMBER,,,SERIAL #,AUTOMATION INVENTORY PROFILE,8194,AUTOMATION RV, Part 1, MN01, 04/01/2032, LB01, , , MNS16,1,  DEFAULTBIN, 33159186, 04/13/2022,automation         04/15/2022,,,WOI - 1685244, Cycle Count,,,,,137
MODEL NUMBER,EXPIRATION DATE,LOT/BATCH NUMBER,,,SERIAL #,AUTOMATION INVENTORY PROFILE,8195,AUTOMATION RV, Part 1, MN01, 04/01/2032, LB01, , , MNS17,1,  DEFAULTBIN, 33159187, 04/13/2022,automation         04/15/2022,,,WOI - 1685244, Cycle Count,,,,,137
MODEL NUMBER,EXPIRATION DATE,LOT/BATCH NUMBER,,,SERIAL #,AUTOMATION INVENTORY PROFILE,8196,AUTOMATION RV, Part 1, MN01, 04/01/2032, LB01, , , MNS18,1,  DEFAULTBIN, 33159188, 04/13/2022,automation         04/15/2022,,,WOI - 1685244, Cycle Count,,,,,137
MODEL NUMBER,EXPIRATION DATE,LOT/BATCH NUMBER,,,SERIAL #,AUTOMATION INVENTORY PROFILE,8197,AUTOMATION RV, Part 1, MN01, 04/01/2032, LB01, , , MNS19,1,  DEFAULTBIN, 33159189, 04/13/2022,automation         04/15/2022,,,WOI - 1685244, Cycle Count,,,,,137
MODEL NUMBER,EXPIRATION DATE,LOT/BATCH NUMBER,,,SERIAL #,AUTOMATION INVENTORY PROFILE,8198,AUTOMATION RV, Part 1, MN01, 04/01/2032, LB01, , , MNS20,1,  DEFAULTBIN, 33159190, 04/13/2022,automation         04/15/2022,,,WOI - 1685244, Cycle Count,,,,,137
MODEL NUMBER,EXPIRATION DATE,LOT/BATCH NUMBER,,,SERIAL #,AUTOMATION INVENTORY PROFILE,8199,AUTOMATION RV, Part 1, MN01, 04/01/2032, LB01, , , MNS21,1,  DEFAULTBIN, 33159191, 04/13/2022,automation         04/15/2022,,,WOI - 1685244, Cycle Count,,,,,137
MODEL NUMBER,EXPIRATION DATE,LOT/BATCH NUMBER,,,SERIAL #,AUTOMATION INVENTORY PROFILE,8200,AUTOMATION RV, Part 1, MN01, 04/01/2032, LB01, , , MNS22,1,  DEFAULTBIN, 33159192, 04/13/2022,automation         04/15/2022,,,WOI - 1685244, Cycle Count,,,,,137
MODEL NUMBER,EXPIRATION DATE,LOT/BATCH NUMBER,,,SERIAL #,AUTOMATION INVENTORY PROFILE,8201,AUTOMATION RV, Part 1, MN01, 04/01/2032, LB01, , , MNS23,1,  DEFAULTBIN, 33159193, 04/13/2022,automation         04/15/2022,,,WOI - 1685244, Cycle Count,,,,,137
MODEL NUMBER,EXPIRATION DATE,LOT/BATCH NUMBER,,,SERIAL #,AUTOMATION INVENTORY PROFILE,8202,AUTOMATION RV, Part 1, MN01, 04/01/2032, LB01, , , MNS24,1,  DEFAULTBIN, 33159194, 04/13/2022,automation         04/15/2022,,,WOI - 1685244, Cycle Count,,,,,137
MODEL NUMBER,EXPIRATION DATE,LOT/BATCH NUMBER,,,SERIAL #,AUTOMATION INVENTORY PROFILE,8203,AUTOMATION RV, Part 1, MN01, 04/01/2032, LB01, , , MNS25,1,  DEFAULTBIN, 33159195, 04/13/2022,automation         04/15/2022,,,WOI - 1685244, Cycle Count,,,,,137
MODEL NUMBER,EXPIRATION DATE,LOT/BATCH NUMBER,,,SERIAL #,AUTOMATION INVENTORY PROFILE,8204,AUTOMATION RV, Part 1, MN01, 04/01/2032, LB01, , , MNS26,1,  DEFAULTBIN, 33159196, 04/13/2022,automation         04/15/2022,,,WOI - 1685244, Cycle Count,,,,,137
MODEL NUMBER,EXPIRATION DATE,LOT/BATCH NUMBER,,,SERIAL #,AUTOMATION INVENTORY PROFILE,8205,AUTOMATION RV, Part 1, MN01, 04/01/2032, LB01, , , MNS27,1,  DEFAULTBIN, 33159197, 04/13/2022,automation         04/15/2022,,,WOI - 1685244, Cycle Count,,,,,137
MODEL NUMBER,EXPIRATION DATE,LOT/BATCH NUMBER,,,SERIAL #,AUTOMATION INVENTORY PROFILE,8206,AUTOMATION RV, Part 1, MN01, 04/01/2032, LB01, , , MNS28,1,  DEFAULTBIN, 33159198, 04/13/2022,automation         04/15/2022,,,WOI - 1685244, Cycle Count,,,,,137
MODEL NUMBER,EXPIRATION DATE,LOT/BATCH NUMBER,,,SERIAL #,AUTOMATION INVENTORY PROFILE,8207,AUTOMATION RV, Part 1, MN01, 04/01/2032, LB01, , , MNS29,1,  DEFAULTBIN, 33159199, 04/13/2022,automation         04/15/2022,,,WOI - 1685244, Cycle Count,,,,,137
MODEL NUMBER,EXPIRATION DATE,LOT/BATCH NUMBER,,,SERIAL #,AUTOMATION INVENTORY PROFILE,8208,AUTOMATION RV, Part 1, MN01, 04/01/2032, LB01, , , MNS30,1,  DEFAULTBIN, 33159200, 04/13/2022,automation         04/15/2022,,,WOI - 1685244, Cycle Count,,,,,137
MODEL NUMBER,EXPIRATION DATE,LOT/BATCH NUMBER,,,SERIAL #,AUTOMATION INVENTORY PROFILE,8209,AUTOMATION RV, Part 1, MN01, 04/01/2032, LB01, , , MNS31,1,  DEFAULTBIN, 33159201, 04/13/2022,automation         04/15/2022,,,WOI - 1685244, Cycle Count,,,,,137
MODEL NUMBER,EXPIRATION DATE,LOT/BATCH NUMBER,,,SERIAL #,AUTOMATION INVENTORY PROFILE,8210,AUTOMATION RV, Part 1, MN01, 04/01/2032, LB01, , , MNS32,1,  DEFAULTBIN, 33159202, 04/13/2022,automation         04/15/2022,,,WOI - 1685244, Cycle Count,,,,,137
MODEL NUMBER,EXPIRATION DATE,LOT/BATCH NUMBER,,,SERIAL #,AUTOMATION INVENTORY PROFILE,8211,AUTOMATION RV, Part 1, MN01, 04/01/2032, LB01, , , MNS33,1,  DEFAULTBIN, 33159203, 04/13/2022,automation         04/15/2022,,,WOI - 1685244, Cycle Count,,,,,137
MODEL NUMBER,EXPIRATION DATE,LOT/BATCH NUMBER,,,SERIAL #,AUTOMATION INVENTORY PROFILE,8212,AUTOMATION RV, Part 1, MN01, 04/01/2032, LB01, , , MNS34,1,  DEFAULTBIN, 33159204, 04/13/2022,automation         04/15/2022,,,WOI - 1685244, Cycle Count,,,,,137
MODEL NUMBER,EXPIRATION DATE,LOT/BATCH NUMBER,,,SERIAL #,AUTOMATION INVENTORY PROFILE,8213,AUTOMATION RV, Part 1, MN01, 04/01/2032, LB01, , , MNS35,1,  DEFAULTBIN, 33159205, 04/13/2022,automation         04/15/2022,,,WOI - 1685244, Cycle Count,,,,,137
MODEL NUMBER,EXPIRATION DATE,LOT/BATCH NUMBER,,,SERIAL #,AUTOMATION INVENTORY PROFILE,8214,AUTOMATION RV, Part 1, MN01, 04/01/2032, LB01, , , MNS36,1,  DEFAULTBIN, 33159206, 04/13/2022,automation         04/15/2022,,,WOI - 1685244, Cycle Count,,,,,137
MODEL NUMBER,EXPIRATION DATE,LOT/BATCH NUMBER,,,SERIAL #,AUTOMATION INVENTORY PROFILE,8215,AUTOMATION RV, Part 1, MN01, 04/01/2032, LB01, , , MNS37,1,  DEFAULTBIN, 33159207, 04/13/2022,automation         04/15/2022,,,WOI - 1685244, Cycle Count,,,,,137
MODEL NUMBER,EXPIRATION DATE,LOT/BATCH NUMBER,,,SERIAL #,AUTOMATION INVENTORY PROFILE,8216,AUTOMATION RV, Part 1, MN01, 04/01/2032, LB01, , , MNS38,1,  DEFAULTBIN, 33159208, 04/13/2022,automation         04/15/2022,,,WOI - 1685244, Cycle Count,,,,,137
MODEL NUMBER,EXPIRATION DATE,LOT/BATCH NUMBER,,,SERIAL #,AUTOMATION INVENTORY PROFILE,8217,AUTOMATION RV, Part 1, MN01, 04/01/2032, LB01, , , MNS39,1,  DEFAULTBIN, 33159209, 04/13/2022,automation         04/15/2022,,,WOI - 1685244, Cycle Count,,,,,137
MODEL NUMBER,EXPIRATION DATE,LOT/BATCH NUMBER,,,SERIAL #,AUTOMATION INVENTORY PROFILE,8218,AUTOMATION RV, Part 1, MN01, 04/01/2032, LB01, , , MNS40,1,  DEFAULTBIN, 33159210, 04/13/2022,automation         04/15/2022,,,WOI - 1685244, Cycle Count,,,,,137
MODEL NUMBER,EXPIRATION DATE,LOT/BATCH NUMBER,,,SERIAL #,AUTOMATION INVENTORY PROFILE,8219,AUTOMATION RV, Part 1, MN01, 04/01/2032, LB01, , , MNS41,1,  DEFAULTBIN, 33159211, 04/13/2022,automation         04/15/2022,,,WOI - 1685244, Cycle Count,,,,,137
MODEL NUMBER,EXPIRATION DATE,LOT/BATCH NUMBER,,,SERIAL #,AUTOMATION INVENTORY PROFILE,8220,AUTOMATION RV, Part 1, MN01, 04/01/2032, LB01, , , MNS42,1,  DEFAULTBIN, 33159212, 04/13/2022,automation         04/15/2022,,,WOI - 1685244, Cycle Count,,,,,137
MODEL NUMBER,EXPIRATION DATE,LOT/BATCH NUMBER,,,SERIAL #,AUTOMATION INVENTORY PROFILE,8221,AUTOMATION RV, Part 1, MN01, 04/01/2032, LB01, , , MNS43,1,  DEFAULTBIN, 33159213, 04/13/2022,automation         04/15/2022,,,WOI - 1685244, Cycle Count,,,,,137
MODEL NUMBER,EXPIRATION DATE,LOT/BATCH NUMBER,,,SERIAL #,AUTOMATION INVENTORY PROFILE,8222,AUTOMATION RV, Part 1, MN01, 04/01/2032, LB01, , , MNS44,1,  DEFAULTBIN, 33159214, 04/13/2022,automation         04/15/2022,,,WOI - 1685244, Cycle Count,,,,,137
MODEL NUMBER,EXPIRATION DATE,LOT/BATCH NUMBER,,,SERIAL #,AUTOMATION INVENTORY PROFILE,8223,AUTOMATION RV, Part 1, MN01, 04/01/2032, LB01, , , MNS45,1,  DEFAULTBIN, 33159215, 04/13/2022,automation         04/15/2022,,,WOI - 1685244, Cycle Count,,,,,137
MODEL NUMBER,EXPIRATION DATE,LOT/BATCH NUMBER,,,SERIAL #,AUTOMATION INVENTORY PROFILE,8224,AUTOMATION RV, Part 1, MN01, 04/01/2032, LB01, , , MNS46,1,  DEFAULTBIN, 33159216, 04/13/2022,automation         04/15/2022,,,WOI - 1685244, Cycle Count,,,,,137
MODEL NUMBER,EXPIRATION DATE,LOT/BATCH NUMBER,,,SERIAL #,AUTOMATION INVENTORY PROFILE,8225,AUTOMATION RV, Part 1, MN01, 04/01/2032, LB01, , , MNS47,1,  DEFAULTBIN, 33159217, 04/13/2022,automation         04/15/2022,,,WOI - 1685244, Cycle Count,,,,,137
MODEL NUMBER,EXPIRATION DATE,LOT/BATCH NUMBER,,,SERIAL #,AUTOMATION INVENTORY PROFILE,8226,AUTOMATION RV, Part 1, MN01, 04/01/2032, LB01, , , MNS48,1,  DEFAULTBIN, 33159218, 04/13/2022,automation         04/15/2022,,,WOI - 1685244, Cycle Count,,,,,137
MODEL NUMBER,EXPIRATION DATE,LOT/BATCH NUMBER,,,SERIAL #,AUTOMATION INVENTORY PROFILE,8227,AUTOMATION RV, Part 1, MN01, 04/01/2032, LB01, , , MNS49,1,  DEFAULTBIN, 33159219, 04/13/2022,automation         04/15/2022,,,WOI - 1685244, Cycle Count,,,,,137
MODEL NUMBER,EXPIRATION DATE,LOT/BATCH NUMBER,,,SERIAL #,AUTOMATION INVENTORY PROFILE,8228,AUTOMATION RV, Part 1, MN01, 04/01/2032, LB01, , , MNS50,1,  DEFAULTBIN, 33159220, 04/13/2022,automation         04/15/2022,,,WOI - 1685244, Cycle Count,,,,,137
MODEL NUMBER,EXPIRATION DATE,LOT/BATCH NUMBER,,,SERIAL #,AUTOMATION INVENTORY PROFILE,8229,AUTOMATION RV, Part 1, MN01, 04/01/2032, LB01, , , A1B1,1,  DEFAULTBIN, 33159552, 04/20/2022,automation         04/20/2022,,,WOI - 1685370, Cycle Count,,,,,137
MODEL NUMBER,EXPIRATION DATE,LOT/BATCH NUMBER,,,SERIAL #,AUTOMATION INVENTORY PROFILE,8230,AUTOMATION RV, Part 1, MN01, 04/01/2032, LB01, , , A2B2,1,  DEFAULTBIN, 33159553, 04/20/2022,automation         04/20/2022,,,WOI - 1685370, Cycle Count,,,,,137
MODEL NUMBER,EXPIRATION DATE,LOT/BATCH NUMBER,,,SERIAL #,AUTOMATION INVENTORY PROFILE,8231,AUTOMATION RV, Part 1, MN01, 04/01/2032, LB01, , , A1B3,1,  DEFAULTBIN, 33159560, 04/20/2022,automation         04/21/2022,,,WOI - 1685485, Cycle Count,,,,,137
MODEL NUMBER,EXPIRATION DATE,LOT/BATCH NUMBER,,,SERIAL #,AUTOMATION INVENTORY PROFILE,8232,AUTOMATION RV, Part 1, MN01, 04/01/2032, LB01, , , A2B4,1,  DEFAULTBIN, 33159561, 04/20/2022,automation         04/21/2022,,,WOI - 1685485, Cycle Count,,,,,137
MODEL NUMBER,EXPIRATION DATE,LOT/BATCH NUMBER,,,SERIAL #,AUTOMATION INVENTORY PROFILE,8235,AUTOMATION RV, Part 1, MN01, 04/01/2032, LB01, , , A1B5,1,  DEFAULTBIN, 33159674, 04/21/2022,automation         04/27/2022,,,WOI - 1685742, Cycle Count,,,,,137
MODEL NUMBER,EXPIRATION DATE,LOT/BATCH NUMBER,,,SERIAL #,AUTOMATION INVENTORY PROFILE,8236,AUTOMATION RV, Part 1, MN01, 04/01/2032, LB01, , , A2B6,1,  DEFAULTBIN, 33159675, 04/21/2022,automation         04/27/2022,,,WOI - 1685742, Cycle Count,,,,,137
MODEL NUMBER,EXPIRATION DATE,LOT/BATCH NUMBER,,,SERIAL #,AUTOMATION INVENTORY PROFILE,8243,AUTOMATION RV, Part2, MN02, 04/17/2031, LB02, , , A1B3,1,  AUTOMATION, 33159554, 04/20/2022,automation         04/28/2022,,,WOI - 1685838, Cycle Count,,,,,137
MODEL NUMBER,EXPIRATION DATE,LOT/BATCH NUMBER,,,SERIAL #,AUTOMATION INVENTORY PROFILE,8244,AUTOMATION RV, Part 3, MN03, 04/01/2031, LB03, , , SERIAL1651125904874,1,  DEFAULTBIN, 33159940, 04/28/2022,automation         04/28/2022,,,WOI - 1685838, Cycle Count,,,,,137
MODEL NUMBER,EXPIRATION DATE,LOT/BATCH NUMBER,,,SERIAL #,AUTOMATION INVENTORY PROFILE,8246,AUTOMATION RV, Part 3, MN03, 04/01/2031, LB03, , , SERIAL1651135987718,1,  DEFAULTBIN, 33160043, 04/28/2022,automation         04/28/2022,,,WOI - 1685847, Cycle Count,,,,,137
MODEL NUMBER,EXPIRATION DATE,LOT/BATCH NUMBER,,,SERIAL #,AUTOMATION INVENTORY PROFILE,8247,AUTOMATION RV, Part 3, MN03, 04/01/2031, LB03, , , SERIAL1651137858034,1,  DEFAULTBIN, 33160046, 04/28/2022,automation         04/28/2022,,,WOI - 1685847, Cycle Count,,,,,137
MODEL NUMBER,EXPIRATION DATE,LOT/BATCH NUMBER,,,SERIAL #,AUTOMATION INVENTORY PROFILE,8249,AUTOMATION RV, Part2, MN02, 04/17/2031, LB02, , , A2B4,1,  ToLocation1651129053506, 33159555, 04/20/2022,automation         04/28/2022,,,WOI - 1685861, Cycle Count,,,,,137
MODEL NUMBER,EXPIRATION DATE,LOT/BATCH NUMBER,,,SERIAL #,AUTOMATION INVENTORY PROFILE,8250,AUTOMATION RV, Part 3, MN03, 04/01/2031, LB03, , , SERIAL1651140309433,1,  DEFAULTBIN, 33160049, 04/28/2022,automation         04/28/2022,,,WOI - 1685861, Cycle Count,,,,,137
MODEL NUMBER,EXPIRATION DATE,LOT/BATCH NUMBER,,,SERIAL #,AUTOMATION INVENTORY PROFILE,8252,AUTOMATION RV, Part 3, MN03, 04/01/2031, LB03, , , SDFGH,1,  DEFAULTBIN, 33159939, 04/28/2022,automation         04/28/2022,,,WOI - 1685875, Cycle Count,,,,,137
MODEL NUMBER,EXPIRATION DATE,LOT/BATCH NUMBER,,,SERIAL #,AUTOMATION INVENTORY PROFILE,8253,AUTOMATION RV, Part 3, MN03, 04/01/2031, LB03, , , SERIAL1651130014074,1,  DEFAULTBIN, 33159942, 04/28/2022,automation         04/28/2022,,,WOI - 1685875, Cycle Count,,,,,137
MODEL NUMBER,EXPIRATION DATE,LOT/BATCH NUMBER,,,SERIAL #,AUTOMATION INVENTORY PROFILE,8255,AUTOMATION RV, Part 3, MN03, 04/01/2031, LB03, , , SERIAL1651144269044,1,  DEFAULTBIN, 33160053, 04/28/2022,automation         04/29/2022,,,WOI - 1685943, Cycle Count,,,,,137
MODEL NUMBER,EXPIRATION DATE,LOT/BATCH NUMBER,,,SERIAL #,AUTOMATION INVENTORY PROFILE,8256,AUTOMATION RV, Part 3, MN03, 04/01/2031, LB03, , , SERIAL1651234506382,1,  DEFAULTBIN, 33160071, 04/29/2022,automation         04/29/2022,,,WOI - 1685943, Cycle Count,,,,,137
MODEL NUMBER,EXPIRATION DATE,LOT/BATCH NUMBER,,,SERIAL #,AUTOMATION INVENTORY PROFILE,8259,AUTOMATION RV, Part 3, MN03, 04/01/2031, LB03, , , SERIAL1651494724987,1,  DEFAULTBIN, 33160229, 05/02/2022,automation         05/02/2022,,,WOI - 1686005, Cycle Count,,,,,137
MODEL NUMBER,EXPIRATION DATE,LOT/BATCH NUMBER,,,SERIAL #,AUTOMATION INVENTORY PROFILE,8260,AUTOMATION RV, SAMSUNG, SAMSUNGS20, 05/01/2032, SAMS20, , , A10BB,1,  DEFAULTBIN, 33160113, 05/02/2022,automation         05/02/2022,,,WOI - 1686005, Cycle Count,,,,,137
MODEL NUMBER,EXPIRATION DATE,LOT/BATCH NUMBER,,,SERIAL #,AUTOMATION INVENTORY PROFILE,8265,AUTOMATION RV, Part 1, MN01, 04/01/2032, LB01, , , A4B4,1,  AUTOMATION, 33160077, 05/02/2022,automation         05/03/2022,,,WOI - 1686405, Cycle Count,,,,,137
MODEL NUMBER,EXPIRATION DATE,LOT/BATCH NUMBER,,,SERIAL #,AUTOMATION INVENTORY PROFILE,8266,AUTOMATION RV, Part 1, MN01, 04/01/2032, LB01, , , A1BA1,1,  AUTOMATION, 33160074, 05/02/2022,automation         05/03/2022,,,WOI - 1686405, Cycle Count,,,,,137
MODEL NUMBER,EXPIRATION DATE,LOT/BATCH NUMBER,,,SERIAL #,AUTOMATION INVENTORY PROFILE,8267,AUTOMATION RV, Part 1, MN01, 04/01/2032, LB01, , , A5B5,1,  AUTOMATION, 33160078, 05/02/2022,automation         05/03/2022,,,WOI - 1686413, Cycle Count,,,,,137
MODEL NUMBER,EXPIRATION DATE,LOT/BATCH NUMBER,,,SERIAL #,AUTOMATION INVENTORY PROFILE,8268,AUTOMATION RV, Part 1, MN01, 04/01/2032, LB01, , , A2BA2,1,  AUTOMATION, 33160075, 05/02/2022,automation         05/03/2022,,,WOI - 1686413, Cycle Count,,,,,137
MODEL NUMBER,EXPIRATION DATE,LOT/BATCH NUMBER,,,SERIAL #,AUTOMATION INVENTORY PROFILE,8269,AUTOMATION RV, Part 1, MN01, 04/01/2032, LB01, , , A3B3,1,  AUTOMATION, 33160076, 05/02/2022,automation         05/03/2022,,,WOI - 1686418, Cycle Count,,,,,137
MODEL NUMBER,EXPIRATION DATE,LOT/BATCH NUMBER,,,SERIAL #,AUTOMATION INVENTORY PROFILE,8270,AUTOMATION RV, Part 1, MN01, 04/01/2032, LB01, , , A4BA,1,  DEFAULTBIN, 33160097, 05/02/2022,automation         05/03/2022,,,WOI - 1686418, Cycle Count,,,,,137
MODEL NUMBER,EXPIRATION DATE,LOT/BATCH NUMBER,,,SERIAL #,AUTOMATION INVENTORY PROFILE,8274,AUTOMATION RV, Part 1, MN01, 04/01/2032, LB01, , , A3BA,1,  DEFAULTBIN, 33160096, 05/02/2022,automation         05/04/2022,,,WOI - 1687267, Cycle Count,,,,,137
MODEL NUMBER,EXPIRATION DATE,LOT/BATCH NUMBER,,,SERIAL #,AUTOMATION INVENTORY PROFILE,8275,AUTOMATION RV, Part 1, MN01, 04/01/2032, LB01, , , A20B1,1,  DEFAULTBIN, 33160093, 05/02/2022,automation         05/04/2022,,,WOI - 1687267, Cycle Count,,,,,137
MODEL NUMBER,EXPIRATION DATE,LOT/BATCH NUMBER,,,SERIAL #,AUTOMATION INVENTORY PROFILE,8279,AUTOMATION RV, Part 1, MN01, 04/01/2032, LB01, , , A2BA,1,  DEFAULTBIN, 33160095, 05/02/2022,automation         05/04/2022,,,WOI - 1687295, Cycle Count,,,,,137
MODEL NUMBER,EXPIRATION DATE,LOT/BATCH NUMBER,,,SERIAL #,AUTOMATION INVENTORY PROFILE,8280,AUTOMATION RV, Part 1, MN01, 04/01/2032, LB01, , , A10B1,1,  DEFAULTBIN, 33160083, 05/02/2022,automation         05/04/2022,,,WOI - 1687295, Cycle Count,,,,,137
MODEL NUMBER,EXPIRATION DATE,LOT/BATCH NUMBER,,,SERIAL #,AUTOMATION INVENTORY PROFILE,8283,AUTOMATION RV, Part 1, MN01, 04/01/2032, LB01, , , A7B7,1,  AUTOMATION, 33160080, 05/02/2022,automation         05/05/2022,,,WOI - 1687692, Cycle Count,,,,,137
MODEL NUMBER,EXPIRATION DATE,LOT/BATCH NUMBER,,,SERIAL #,AUTOMATION INVENTORY PROFILE,8284,AUTOMATION RV, Part 1, MN01, 04/01/2032, LB01, , , A6B6,1,  AUTOMATION, 33160079, 05/02/2022,automation         05/05/2022,,,WOI - 1687692, Cycle Count,,,,,137
MODEL NUMBER,EXPIRATION DATE,LOT/BATCH NUMBER,,,SERIAL #,AUTOMATION INVENTORY PROFILE,8286,AUTOMATION RV, Part 1, MN01, 04/01/2032, LB01, , , A8B8,1,  AUTOMATION, 33160081, 05/02/2022,automation         05/05/2022,,,WOI - 1687702, Cycle Count,,,,,137
MODEL NUMBER,EXPIRATION DATE,LOT/BATCH NUMBER,,,SERIAL #,AUTOMATION INVENTORY PROFILE,8287,AUTOMATION RV, Part 1, MN01, 04/01/2032, LB01, , , A7BA,1,  DEFAULTBIN, 33160100, 05/02/2022,automation         05/05/2022,,,WOI - 1687702, Cycle Count,,,,,137
MODEL NUMBER,EXPIRATION DATE,LOT/BATCH NUMBER,,,SERIAL #,AUTOMATION INVENTORY PROFILE,8289,AUTOMATION RV, Part 1, MN01, 04/01/2032, LB01, , , A9B9,1,  AUTOMATION, 33160082, 05/02/2022,automation         05/06/2022,,,WOI - 1687739, Cycle Count,,,,,137
MODEL NUMBER,EXPIRATION DATE,LOT/BATCH NUMBER,,,SERIAL #,AUTOMATION INVENTORY PROFILE,8290,AUTOMATION RV, Part 1, MN01, 04/01/2032, LB01, , , A11B2,1,  AUTOMATION, 33160084, 05/02/2022,automation         05/06/2022,,,WOI - 1687739, Cycle Count,,,,,137
MODEL NUMBER,EXPIRATION DATE,LOT/BATCH NUMBER,,,SERIAL #,AUTOMATION INVENTORY PROFILE,8641,AUTOMATION RV, Part 1, MN01, 04/01/2032, LB01, , , A12B3,1,  AUTOMATION, 33160085, 05/02/2022,automation         05/09/2022,,,WOI - 1687800, Cycle Count,,,,,137
MODEL NUMBER,EXPIRATION DATE,LOT/BATCH NUMBER,,,SERIAL #,AUTOMATION INVENTORY PROFILE,8642,AUTOMATION RV, Part 1, MN01, 04/01/2032, LB01, , , A8BA,1,  DEFAULTBIN, 33160101, 05/02/2022,automation         05/09/2022,,,WOI - 1687800, Cycle Count,,,,,137
MODEL NUMBER,EXPIRATION DATE,LOT/BATCH NUMBER,,,SERIAL #,AUTOMATION INVENTORY PROFILE,8644,AUTOMATION RV, Part 1, MN01, 04/01/2032, LB01, , , A13B4,1,  AUTOMATION, 33160086, 05/02/2022,automation         05/10/2022,,,WOI - 1687854, Cycle Count,,,,,137
MODEL NUMBER,EXPIRATION DATE,LOT/BATCH NUMBER,,,SERIAL #,AUTOMATION INVENTORY PROFILE,8645,AUTOMATION RV, Part 1, MN01, 04/01/2032, LB01, , , A6BA,1,  DEFAULTBIN, 33160099, 05/02/2022,automation         05/10/2022,,,WOI - 1687854, Cycle Count,,,,,137
MODEL NUMBER,EXPIRATION DATE,LOT/BATCH NUMBER,,,SERIAL #,AUTOMATION INVENTORY PROFILE,8647,AUTOMATION RV, Part 1, MN01, 04/01/2032, LB01, , , A14B5,1,  AUTOMATION, 33160087, 05/02/2022,automation         05/11/2022,,,WOI - 1687909, Cycle Count,,,,,137
MODEL NUMBER,EXPIRATION DATE,LOT/BATCH NUMBER,,,SERIAL #,AUTOMATION INVENTORY PROFILE,8648,AUTOMATION RV, Part 1, MN01, 04/01/2032, LB01, , , A5BA,1,  DEFAULTBIN, 33160098, 05/02/2022,automation         05/11/2022,,,WOI - 1687909, Cycle Count,,,,,137
MODEL NUMBER,EXPIRATION DATE,LOT/BATCH NUMBER,,,SERIAL #,AUTOMATION INVENTORY PROFILE,8650,AUTOMATION RV, Part 1, MN01, 04/01/2032, LB01, , , A15B6,1,  AUTOMATION, 33160088, 05/02/2022,automation         05/12/2022,,,WOI - 1688320, Cycle Count,,,,,137
MODEL NUMBER,EXPIRATION DATE,LOT/BATCH NUMBER,,,SERIAL #,AUTOMATION INVENTORY PROFILE,8651,AUTOMATION RV, Part 1, MN01, 04/01/2032, LB01, , , A10BA,1,  DEFAULTBIN, 33160103, 05/02/2022,automation         05/12/2022,,,WOI - 1688320, Cycle Count,,,,,137
MODEL NUMBER,EXPIRATION DATE,LOT/BATCH NUMBER,,,SERIAL #,AUTOMATION INVENTORY PROFILE,8653,AUTOMATION RV, Part 1, MN01, 04/01/2032, LB01, , , A16B7,1,  AUTOMATION, 33160089, 05/02/2022,automation         05/13/2022,,,WOI - 1689412, Cycle Count,,,,,137
MODEL NUMBER,EXPIRATION DATE,LOT/BATCH NUMBER,,,SERIAL #,AUTOMATION INVENTORY PROFILE,8654,AUTOMATION RV, Part 1, MN01, 04/01/2032, LB01, , , A17B8,1,  DEFAULTBIN, 33160090, 05/02/2022,automation         05/13/2022,,,WOI - 1689412, Cycle Count,,,,,137
MODEL NUMBER,EXPIRATION DATE,LOT/BATCH NUMBER,,,SERIAL #,AUTOMATION INVENTORY PROFILE,9003,AUTOMATION RV, Part 1, MN01, 04/01/2032, LB01, , , A18B9,1,  AUTOMATION, 33160091, 05/02/2022,automation         05/13/2022,,,WOI - 1689457, Cycle Count,,,,,137
MODEL NUMBER,EXPIRATION DATE,LOT/BATCH NUMBER,,,SERIAL #,AUTOMATION INVENTORY PROFILE,9004,AUTOMATION RV, Part 1, MN01, 04/01/2032, LB01, , , A19B7,1,  DEFAULTBIN, 33160092, 05/02/2022,automation         05/13/2022,,,WOI - 1689457, Cycle Count,,,,,137
MODEL NUMBER,EXPIRATION DATE,LOT/BATCH NUMBER,,,SERIAL #,AUTOMATION INVENTORY PROFILE,9008,AUTOMATION RV, Part 1, MN01, 04/01/2032, LB01, , , A1BA,1,  AUTOMATION, 33160094, 05/02/2022,automation         05/19/2022,,,WOI - 1689762, Cycle Count,,,,,137
MODEL NUMBER,EXPIRATION DATE,LOT/BATCH NUMBER,,,SERIAL #,AUTOMATION INVENTORY PROFILE,9009,AUTOMATION RV, Part 1, MN01, 04/01/2032, LB01, , , A9BA,1,  DEFAULTBIN, 33160102, 05/02/2022,automation         05/19/2022,,,WOI - 1689762, Cycle Count,,,,,137
MODEL NUMBER,EXPIRATION DATE,LOT/BATCH NUMBER,,,SERIAL #,AUTOMATION INVENTORY PROFILE,9361,AUTOMATION RV, SAMSUNG, SAMSUNGS20, 05/01/2032, SAMS20, , , A1BB,1,  AUTOMATION, 33160104, 05/02/2022,automation         05/19/2022,,,WOI - 1689783, Cycle Count,,,,,137
MODEL NUMBER,EXPIRATION DATE,LOT/BATCH NUMBER,,,SERIAL #,AUTOMATION INVENTORY PROFILE,9362,AUTOMATION RV, SAMSUNG, SAMSUNGS20, 05/01/2032, SAMS20, , , A2BB,1,  DEFAULTBIN, 33160105, 05/02/2022,automation         05/19/2022,,,WOI - 1689783, Cycle Count,,,,,137
MODEL NUMBER,EXPIRATION DATE,LOT/BATCH NUMBER,,,SERIAL #,AUTOMATION INVENTORY PROFILE,9364,AUTOMATION RV, SAMSUNG, SAMSUNGS20, 05/01/2032, SAMS20, , , A3BB,1,  AUTOMATION, 33160106, 05/02/2022,automation         05/19/2022,,,WOI - 1689799, Cycle Count,,,,,137
MODEL NUMBER,EXPIRATION DATE,LOT/BATCH NUMBER,,,SERIAL #,AUTOMATION INVENTORY PROFILE,9365,AUTOMATION RV, SAMSUNG, SAMSUNGS20, 05/01/2032, SAMS20, , , A4BB,1,  DEFAULTBIN, 33160107, 05/02/2022,automation         05/19/2022,,,WOI - 1689799, Cycle Count,,,,,137
MODEL NUMBER,EXPIRATION DATE,LOT/BATCH NUMBER,,,SERIAL #,AUTOMATION INVENTORY PROFILE,9367,AUTOMATION RV, SAMSUNG, SAMSUNGS20, 05/01/2032, SAMS20, , , A5BB,1,  AUTOMATION, 33160108, 05/02/2022,automation         05/19/2022,,,WOI - 1689808, Cycle Count,,,,,137
MODEL NUMBER,EXPIRATION DATE,LOT/BATCH NUMBER,,,SERIAL #,AUTOMATION INVENTORY PROFILE,9368,AUTOMATION RV, SAMSUNG, SAMSUNGS20, 05/01/2032, SAMS20, , , A6BB,1,  DEFAULTBIN, 33160109, 05/02/2022,automation         05/19/2022,,,WOI - 1689808, Cycle Count,,,,,137
MODEL NUMBER,EXPIRATION DATE,LOT/BATCH NUMBER,,,SERIAL #,AUTOMATION INVENTORY PROFILE,9370,AUTOMATION RV, SAMSUNG, SAMSUNGS20, 05/01/2032, SAMS20, , , A7BB,1,  AUTOMATION, 33160110, 05/02/2022,automation         05/19/2022,,,WOI - 1689818, Cycle Count,,,,,137
MODEL NUMBER,EXPIRATION DATE,LOT/BATCH NUMBER,,,SERIAL #,AUTOMATION INVENTORY PROFILE,9371,AUTOMATION RV, SAMSUNG, SAMSUNGS20, 05/01/2032, SAMS20, , , A8BB,1,  DEFAULTBIN, 33160111, 05/02/2022,automation         05/19/2022,,,WOI - 1689818, Cycle Count,,,,,137
MODEL NUMBER,EXPIRATION DATE,LOT/BATCH NUMBER,,,SERIAL #,AUTOMATION INVENTORY PROFILE,9374,AUTOMATION RV, SAMSUNG, SAMSUNGS20, 05/01/2032, SAMS20, , , A9BB,1,  DEFAULTBIN, 33160112, 05/02/2022,automation         05/20/2022,,,WOI - 1689845, Cycle Count,,,,,137
MODEL NUMBER,EXPIRATION DATE,LOT/BATCH NUMBER,,,SERIAL #,AUTOMATION INVENTORY PROFILE,9375,AUTOMATION RV, SAMSUNG, SAMSUNGS20, 05/01/2032, SAMS20, , , ENTERED SERIALNO1,1,  DEFAULTBIN, 33160238, 05/03/2022,automation         05/20/2022,,,WOI - 1689845, Cycle Count,,,,,137
MODEL NUMBER,EXPIRATION DATE,LOT/BATCH NUMBER,,,SERIAL #,AUTOMATION INVENTORY PROFILE,9728,AUTOMATION RV, SAMSUNG, SAMSUNGS20, 05/01/2032, SAMS20, , , RV01,1,  DEFAULTBIN, 33160236, 05/03/2022,automation         05/20/2022,,,WOI - 1689912, Cycle Count,,,,,137
MODEL NUMBER,EXPIRATION DATE,LOT/BATCH NUMBER,,,SERIAL #,AUTOMATION INVENTORY PROFILE,9729,AUTOMATION RV, SAMSUNG, SAMSUNGS20, 05/01/2032, SAMS20, , , SERIALNO0,1,  DEFAULTBIN, 33160237, 05/03/2022,automation         05/20/2022,,,WOI - 1689912, Cycle Count,,,,,137
MODEL NUMBER,EXPIRATION DATE,LOT/BATCH NUMBER,,,SERIAL #,AUTOMATION INVENTORY PROFILE,9731,AUTOMATION RV, Part 3, MN03, 04/01/2031, LB03, , , RTE,1,  DEFAULTBIN, 33160235, 05/03/2022,automation         05/23/2022,,,WOI - 1689938, Cycle Count,,,,,137
MODEL NUMBER,EXPIRATION DATE,LOT/BATCH NUMBER,,,SERIAL #,AUTOMATION INVENTORY PROFILE,9732,AUTOMATION RV, Part 3, MN03, 04/01/2031, LB03, , , SERIAL1651552561527,1,  DEFAULTBIN, 33160233, 05/02/2022,automation         05/23/2022,,,WOI - 1689938, Cycle Count,,,,,137
MODEL NUMBER,EXPIRATION DATE,LOT/BATCH NUMBER,,,SERIAL #,AUTOMATION INVENTORY PROFILE,9734,AUTOMATION RV, Part 3, MN03, 04/01/2031, LB03, , , SERIAL1651557451775,1,  DEFAULTBIN, 33160234, 05/03/2022,automation         05/23/2022,,,WOI - 1689950, Cycle Count,,,,,137
MODEL NUMBER,EXPIRATION DATE,LOT/BATCH NUMBER,,,SERIAL #,AUTOMATION INVENTORY PROFILE,9735,AUTOMATION RV, Part 3, MN03, 04/01/2031, LB03, , , SERIAL1651561687544,1,  DEFAULTBIN, 33160239, 05/03/2022,automation         05/23/2022,,,WOI - 1689950, Cycle Count,,,,,137
MODEL NUMBER,EXPIRATION DATE,LOT/BATCH NUMBER,,,SERIAL #,AUTOMATION INVENTORY PROFILE,9737,AUTOMATION RV, Part 3, MN03, 04/01/2031, LB03, , , SERIAL1651562795247,1,  DEFAULTBIN, 33160242, 05/03/2022,automation         05/23/2022,,,WOI - 1689961, Cycle Count,,,,,137
MODEL NUMBER,EXPIRATION DATE,LOT/BATCH NUMBER,,,SERIAL #,AUTOMATION INVENTORY PROFILE,9738,AUTOMATION RV, Part 3, MN03, 04/01/2031, LB03, , , SERIAL1651577621741,1,  DEFAULTBIN, 33160475, 05/03/2022,automation         05/23/2022,,,WOI - 1689961, Cycle Count,,,,,137
MODEL NUMBER,EXPIRATION DATE,LOT/BATCH NUMBER,,,SERIAL #,AUTOMATION INVENTORY PROFILE,9744,AUTOMATION RV, Part 3, MN03, 04/01/2031, LB03, , , SERIAL1651638631311,1,  DEFAULTBIN, 33161307, 05/03/2022,automation         05/24/2022,,,WOI - 1690018, Cycle Count,,,,,137
MODEL NUMBER,EXPIRATION DATE,LOT/BATCH NUMBER,,,SERIAL #,AUTOMATION INVENTORY PROFILE,9745,AUTOMATION RV, Part 3, MN03, 04/01/2031, LB03, , , SERIAL1651654951412,1,  DEFAULTBIN, 33161410, 05/04/2022,automation         05/24/2022,,,WOI - 1690018, Cycle Count,,,,,137
MODEL NUMBER,EXPIRATION DATE,LOT/BATCH NUMBER,,,SERIAL #,AUTOMATION INVENTORY PROFILE,9747,AUTOMATION RV, Part 3, MN03, 04/01/2031, LB03, , , SERIAL1651664008442,1,  DEFAULTBIN, 33161419, 05/04/2022,automation         05/25/2022,,,WOI - 1690062, Cycle Count,,,,,137
MODEL NUMBER,EXPIRATION DATE,LOT/BATCH NUMBER,,,SERIAL #,AUTOMATION INVENTORY PROFILE,9748,AUTOMATION RV, Part 3, MN03, 04/01/2031, LB03, , , SERIAL1651664611707,1,  DEFAULTBIN, 33161420, 05/04/2022,automation         05/25/2022,,,WOI - 1690062, Cycle Count,,,,,137
MODEL NUMBER,EXPIRATION DATE,LOT/BATCH NUMBER,,,SERIAL #,AUTOMATION INVENTORY PROFILE,9750,AUTOMATION RV, Part 3, MN03, 04/01/2031, LB03, , , SERIAL1651666868892,1,  DEFAULTBIN, 33161424, 05/04/2022,automation         05/26/2022,,,WOI - 1690105, Cycle Count,,,,,137
MODEL NUMBER,EXPIRATION DATE,LOT/BATCH NUMBER,,,SERIAL #,AUTOMATION INVENTORY PROFILE,9751,AUTOMATION RV, Part 3, MN03, 04/01/2031, LB03, , , SERIAL1651722221292,1,  DEFAULTBIN, 33162475, 05/04/2022,automation         05/26/2022,,,WOI - 1690105, Cycle Count,,,,,137
MODEL NUMBER,EXPIRATION DATE,LOT/BATCH NUMBER,,,SERIAL #,AUTOMATION INVENTORY PROFILE,10103,AUTOMATION RV, Part 3, MN03, 04/01/2031, LB03, , , SERIAL1651725014934,1,  DEFAULTBIN, 33162479, 05/04/2022,automation         05/27/2022,,,WOI - 1690144, Cycle Count,,,,,137
MODEL NUMBER,EXPIRATION DATE,LOT/BATCH NUMBER,,,SERIAL #,AUTOMATION INVENTORY PROFILE,10104,AUTOMATION RV, Part 3, MN03, 04/01/2031, LB03, , , SERIAL1651811482159,1,  DEFAULTBIN, 33162493, 05/05/2022,automation         05/27/2022,,,WOI - 1690144, Cycle Count,,,,,137
MODEL NUMBER,EXPIRATION DATE,LOT/BATCH NUMBER,,,SERIAL #,AUTOMATION INVENTORY PROFILE,10512,AUTOMATION RV, Part 3, MN03, 04/01/2031, LB03, , , SERIAL1652070698051,1,  DEFAULTBIN, 33162533, 05/08/2022,automation         05/31/2022,,,WOI - 1690279, Cycle Count,,,,,137
MODEL NUMBER,EXPIRATION DATE,LOT/BATCH NUMBER,,,SERIAL #,AUTOMATION INVENTORY PROFILE,10513,AUTOMATION RV, Part 3, MN03, 04/01/2031, LB03, , , SERIAL1652157080938,1,  DEFAULTBIN, 33162553, 05/09/2022,automation         05/31/2022,,,WOI - 1690279, Cycle Count,,,,,137
MODEL NUMBER,EXPIRATION DATE,LOT/BATCH NUMBER,,,SERIAL #,AUTOMATION INVENTORY PROFILE,10515,AUTOMATION RV, Part 3, MN03, 04/01/2031, LB03, , , SERIAL1652243454202,1,  DEFAULTBIN, 33162578, 05/10/2022,automation         05/31/2022,,,WOI - 1690291, Cycle Count,,,,,137
MODEL NUMBER,EXPIRATION DATE,LOT/BATCH NUMBER,,,SERIAL #,AUTOMATION INVENTORY PROFILE,10516,AUTOMATION RV, Part 3, MN03, 04/01/2031, LB03, , , SERIAL1652330092061,1,  DEFAULTBIN, 33162961, 05/11/2022,automation         05/31/2022,,,WOI - 1690291, Cycle Count,,,,,137
MODEL NUMBER,EXPIRATION DATE,LOT/BATCH NUMBER,,,SERIAL #,AUTOMATION INVENTORY PROFILE,10519,AUTOMATION RV, Part 3, MN03, 04/01/2031, LB03, , , SERIAL1652416203563,1,  DEFAULTBIN, 33163779, 05/12/2022,automation         06/01/2022,,,WOI - 1690329, Cycle Count,,,,,137
MODEL NUMBER,EXPIRATION DATE,LOT/BATCH NUMBER,,,SERIAL #,AUTOMATION INVENTORY PROFILE,10520,AUTOMATION RV, Part 3, MN03, 04/01/2031, LB03, , , SERIAL1652444690388,1,  DEFAULTBIN, 33163784, 05/13/2022,automation         06/01/2022,,,WOI - 1690329, Cycle Count,,,,,137
MODEL NUMBER,EXPIRATION DATE,LOT/BATCH NUMBER,,,SERIAL #,AUTOMATION INVENTORY PROFILE,10522,AUTOMATION RV, Part 3, MN03, 04/01/2031, LB03, , , SERIAL1652934650293,1,  DEFAULTBIN, 33164068, 05/18/2022,automation         06/02/2022,,,WOI - 1690352, Cycle Count,,,,,137
MODEL NUMBER,EXPIRATION DATE,LOT/BATCH NUMBER,,,SERIAL #,AUTOMATION INVENTORY PROFILE,10523,AUTOMATION RV, Part 3, MN03, 04/01/2031, LB03, , , SERIAL1652952831472,1,  DEFAULTBIN, 33164093, 05/19/2022,automation         06/02/2022,,,WOI - 1690352, Cycle Count,,,,,137
MODEL NUMBER,EXPIRATION DATE,LOT/BATCH NUMBER,,,SERIAL #,AUTOMATION INVENTORY PROFILE,11607,AUTOMATION RV, Part 1, MN01, 04/01/2032, LB01, , , SERIALNO0,1,  DEFAULTBIN, 33166207, 06/10/2022,automation         06/10/2022,,,WOI - 1692201, Cycle Count,,,,,137
MODEL NUMBER,EXPIRATION DATE,LOT/BATCH NUMBER,,,SERIAL #,AUTOMATION INVENTORY PROFILE,11608,AUTOMATION RV, Part 3, MN03, 04/01/2031, LB03, , , SERIAL1652955615532,1,  DEFAULTBIN, 33166206, 06/10/2022,automation         06/10/2022,,,WOI - 1692201, Cycle Count,,,,,137
MODEL NUMBER,EXPIRATION DATE,LOT/BATCH NUMBER,,,SERIAL #,AUTOMATION INVENTORY PROFILE,11618,AUTOMATION RV, Part 1, MN01, 04/01/2032, LB01, , , SERIALNO1,1,  DEFAULTBIN, 33166208, 06/10/2022,automation         06/14/2022,,,WOI - 1692268, Cycle Count,,,,,137
MODEL NUMBER,EXPIRATION DATE,LOT/BATCH NUMBER,,,SERIAL #,AUTOMATION INVENTORY PROFILE,11619,AUTOMATION RV, Part 1, MN01, 04/01/2032, LB01, , , SERIALNO2,1,  DEFAULTBIN, 33166209, 06/10/2022,automation         06/14/2022,,,WOI - 1692268, Cycle Count,,,,,137
MODEL NUMBER,EXPIRATION DATE,LOT/BATCH NUMBER,,,SERIAL #,AUTOMATION INVENTORY PROFILE,,,,,,,,,,,,,,,,,,,,,,137,137

